asset_id,runtime_filename,category,authoring_method,blender_source,comfy_workflow,model_checkpoint,prompt_sha256,negative_prompt_sha256,seed,control_guide,source_reference,reference_licence,generation_date,normaliser_version,final_sha256,reviewer_decision,rejection_reason
candidate.environment.comfy.420401,ArtLab/OfficeSliceM4/Candidates/TargetFrames/office_environment_comfy_420401.png,TargetFrameCandidate,comfyui-controlnet,,ArtLab/OfficeSliceM4/ComfyUI/office_environment_controlnet.json,sd_xl_base_1.0.safetensors,c27e64a49466dc6a6ec3fcccc964d51f6c25b00b552b7caa533d0845e86b9bfc,2880c3f65930ff3954f250ef592c5fb96f44394d4fae390ddbd9a700c9c8691e,420401,ArtLab/OfficeSliceM4/References/BlenderGuides/office_m4_flat_colour.png,ArtLab/OfficeSliceM4/Candidates/TargetFrames/office_environment_comfy_420401.png,PROJECT-ORIGINAL,2026-08-10,1.0.0,289f87a031a5f45b91805d4b2608d52e2788331c97045be1995134297bad6714,rejected,Structural read drifted from office to outdoor park benches; department semantics were lost.
character.nia-bell.idle,Assets/_Project/Art/OfficeSliceM4/Resources/OfficeSliceM4/Characters/nia-bell_idle.png,Characters,python-pixel-original,,,,,,420400,,tools/art/office_slice_m4/generate_runtime_art.py,PROJECT-ORIGINAL,2026-08-10,1.0.0,07c90b09923324177d2f5249e169d18d0cbf32588a8ab6e76bf56fef7f80f568,approved,
character.runner.idle,Assets/_Project/Art/OfficeSliceM4/Resources/OfficeSliceM4/Characters/runner_idle.png,Characters,python-pixel-original,,,,,,420400,,tools/art/office_slice_m4/generate_runtime_art.py,PROJECT-ORIGINAL,2026-08-10,1.0.0,8d06ae9e773c1245dae7e3643437a8ac8eabafe6806c09cab865927d31d130a6,approved,
character.talker.idle,Assets/_Project/Art/OfficeSliceM4/Resources/OfficeSliceM4/Characters/talker_idle.png,Characters,python-pixel-original,,,,,,420400,,tools/art/office_slice_m4/generate_runtime_art.py,PROJECT-ORIGINAL,2026-08-10,1.0.0,19ae2ed8f84b5afce45357a3b89ca60457a3130f13b5a50d76609baaf3e1a9e1,approved,
character.warden.idle,Assets/_Project/Art/OfficeSliceM4/Resources/OfficeSliceM4/Characters/warden_idle.png,Characters,python-pixel-original,,,,,,420400,,tools/art/office_slice_m4/generate_runtime_art.py,PROJECT-ORIGINAL,2026-08-10,1.0.0,fe2ce1d63e5bd0d06758133be6f2e4c1e540811050092dc07c9b9158b82b3f90,approved,
environment.interaction.socket,Assets/_Project/Art/OfficeSliceM4/Resources/OfficeSliceM4/Environment/interaction_socket.png,Environment,python-pixel-original,,,,,,420400,,tools/art/office_slice_m4/generate_runtime_art.py,PROJECT-ORIGINAL,2026-08-10,1.0.0,bdd7d0e7c73444b9e7ea38e29b3cafec8a635a9b26e022abd1f0a5ceddc6ebd2,approved,
environment.kit.chair,Assets/_Project/Art/OfficeSliceM4/Resources/OfficeSliceM4/Environment/kit_chair.png,Environment,python-pixel-original,,,,,,420400,,tools/art/office_slice_m4/generate_runtime_art.py,PROJECT-ORIGINAL,2026-08-10,1.0.0,32994479e71b3bfd1accea8371e54cb458145fe4a44731ffeb03227ac0b5d8f2,approved,
environment.kit.counter,Assets/_Project/Art/OfficeSliceM4/Resources/OfficeSliceM4/Environment/kit_counter.png,Environment,python-pixel-original,,,,,,420400,,tools/art/office_slice_m4/generate_runtime_art.py,PROJECT-ORIGINAL,2026-08-10,1.0.0,f2705469a80363f208847f06ba8363248f8743686957ac19a45d7a971c8fe91f,approved,
environment.kit.impossible-door,Assets/_Project/Art/OfficeSliceM4/Resources/OfficeSliceM4/Environment/kit_impossible-door.png,Environment,python-pixel-original,,,,,,420400,,tools/art/office_slice_m4/generate_runtime_art.py,PROJECT-ORIGINAL,2026-08-10,1.0.0,159e37ff8b4a05cd13ed4c128db179ea131b2c94c4d3c6eabcbf4bbebe953c69,approved,
environment.kit.plant,Assets/_Project/Art/OfficeSliceM4/Resources/OfficeSliceM4/Environment/kit_plant.png,Environment,python-pixel-original,,,,,,420400,,tools/art/office_slice_m4/generate_runtime_art.py,PROJECT-ORIGINAL,2026-08-10,1.0.0,6250e927055ba7b8f39065b3a7dc0634994c0ceb2f7c8cbc5f573c4ce607bf91,approved,
environment.kit.shelf,Assets/_Project/Art/OfficeSliceM4/Resources/OfficeSliceM4/Environment/kit_shelf.png,Environment,python-pixel-original,,,,,,420400,,tools/art/office_slice_m4/generate_runtime_art.py,PROJECT-ORIGINAL,2026-08-10,1.0.0,386a4ab08b69d0e831c31e67d5fdbd8006b11475debd93a314e574921a93db4c,approved,
environment.kit.vault,Assets/_Project/Art/OfficeSliceM4/Resources/OfficeSliceM4/Environment/kit_vault.png,Environment,python-pixel-original,,,,,,420400,,tools/art/office_slice_m4/generate_runtime_art.py,PROJECT-ORIGINAL,2026-08-10,1.0.0,c502e5f3923d895fbb0d9e7fd996468a03dec24678bdb5f71003d066d92de32a,approved,
environment.office.base,Assets/_Project/Art/OfficeSliceM4/Resources/OfficeSliceM4/Environment/office_background.png,Environment,python-pixel-original,,,,,,420400,,tools/art/office_slice_m4/generate_runtime_art.py,PROJECT-ORIGINAL,2026-08-10,1.0.0,d931f10dab1b3b74b0f8428c58ccac36fe791a57413deac2367dacf32d39884e,approved,
environment.route.overlay,Assets/_Project/Art/OfficeSliceM4/Resources/OfficeSliceM4/Environment/route_overlay.png,Environment,python-pixel-original,,,,,,420400,,tools/art/office_slice_m4/generate_runtime_art.py,PROJECT-ORIGINAL,2026-08-10,1.0.0,31d7f97b219c93c3e8543265e172dba7af2b6f28a940d771ff5866a94faa6225,approved,
environment.shift.2-dressing,Assets/_Project/Art/OfficeSliceM4/Resources/OfficeSliceM4/Environment/shift_2_dressing.png,Environment,python-pixel-original,,,,,,420400,,tools/art/office_slice_m4/generate_runtime_art.py,PROJECT-ORIGINAL,2026-08-10,1.0.0,9f2fdca1b9e493acaa83ac6ebaee6a683b9170d271773320e4d7d26830e9a036,approved,
environment.shift.3-dressing,Assets/_Project/Art/OfficeSliceM4/Resources/OfficeSliceM4/Environment/shift_3_dressing.png,Environment,python-pixel-original,,,,,,420400,,tools/art/office_slice_m4/generate_runtime_art.py,PROJECT-ORIGINAL,2026-08-10,1.0.0,5fa727f808fdf515ae0c5aedc6360ecf89f9d6be745d7b7550cbf8ef0769abac,approved,
environment.state.break,Assets/_Project/Art/OfficeSliceM4/Resources/OfficeSliceM4/Environment/state_break.png,Environment,python-pixel-original,,,,,,420400,,tools/art/office_slice_m4/generate_runtime_art.py,PROJECT-ORIGINAL,2026-08-10,1.0.0,c8edc430eee1dd348ddb308f902007a6b41ac257764b1188de24080f850b65c0,approved,
environment.state.recovery,Assets/_Project/Art/OfficeSliceM4/Resources/OfficeSliceM4/Environment/state_recovery.png,Environment,python-pixel-original,,,,,,420400,,tools/art/office_slice_m4/generate_runtime_art.py,PROJECT-ORIGINAL,2026-08-10,1.0.0,5fc18a2e2b6e8abb275730cecec8b2e2030922e29e66d64fa323e52490199098,approved,
environment.state.rush,Assets/_Project/Art/OfficeSliceM4/Resources/OfficeSliceM4/Environment/state_rush.png,Environment,python-pixel-original,,,,,,420400,,tools/art/office_slice_m4/generate_runtime_art.py,PROJECT-ORIGINAL,2026-08-10,1.0.0,f14c280b32ffa8f3b5b2925b146a2d950cf2ca848046bcadc0310d2440f858b0,approved,
environment.upgrade.calm-chairs,Assets/_Project/Art/OfficeSliceM4/Resources/OfficeSliceM4/Environment/upgrade_calm-chairs.png,Environment,python-pixel-original,,,,,,420400,,tools/art/office_slice_m4/generate_runtime_art.py,PROJECT-ORIGINAL,2026-08-10,1.0.0,33b8781ffcd07d28ecae3c04647c011fb68a3051772178b02a207eada6d0f07b,approved,
environment.upgrade.fast-trays,Assets/_Project/Art/OfficeSliceM4/Resources/OfficeSliceM4/Environment/upgrade_fast-trays.png,Environment,python-pixel-original,,,,,,420400,,tools/art/office_slice_m4/generate_runtime_art.py,PROJECT-ORIGINAL,2026-08-10,1.0.0,0d0fba7f442baaa685e116b598dd0ec756cc1421e1041521fe1213f8fdf8445e,approved,
environment.upgrade.red-labels,Assets/_Project/Art/OfficeSliceM4/Resources/OfficeSliceM4/Environment/upgrade_red-labels.png,Environment,python-pixel-original,,,,,,420400,,tools/art/office_slice_m4/generate_runtime_art.py,PROJECT-ORIGINAL,2026-08-10,1.0.0,e098b3e31d49b30ffe6606b614b2a9cdaa4008e97922be6fc71b219b1af3ee2e,approved,
fallback.explicit,Assets/_Project/Art/OfficeSliceM4/Resources/OfficeSliceM4/Config/explicit_fallback.png,Config,python-pixel-original,,,,,,420400,,tools/art/office_slice_m4/generate_runtime_art.py,PROJECT-ORIGINAL,2026-08-10,1.0.0,e295824f4fc7cd470a1ee91a00db6319df65726ae5fd7a9542133e25975f6ba0,approved,
folder.original.1,Assets/_Project/Art/OfficeSliceM4/Resources/OfficeSliceM4/Folders/folder_original_1.png,Folders,python-pixel-original,,,,,,420400,,tools/art/office_slice_m4/generate_runtime_art.py,PROJECT-ORIGINAL,2026-08-10,1.0.0,75ca2359590550873b1a13c04e6fadcbf3c580661349c15ff1b592e0e3e700e6,approved,
folder.original.2,Assets/_Project/Art/OfficeSliceM4/Resources/OfficeSliceM4/Folders/folder_original_2.png,Folders,python-pixel-original,,,,,,420400,,tools/art/office_slice_m4/generate_runtime_art.py,PROJECT-ORIGINAL,2026-08-10,1.0.0,b625bfdf26db8d16d9295825c0f4e690fbd08bbd3ef7203a94690072b963d9d9,approved,
folder.original.3,Assets/_Project/Art/OfficeSliceM4/Resources/OfficeSliceM4/Folders/folder_original_3.png,Folders,python-pixel-original,,,,,,420400,,tools/art/office_slice_m4/generate_runtime_art.py,PROJECT-ORIGINAL,2026-08-10,1.0.0,4db915e6ac559c154dd47a465efac7c6eef304558d6261e959c15053353f76f9,approved,
folder.original.4,Assets/_Project/Art/OfficeSliceM4/Resources/OfficeSliceM4/Folders/folder_original_4.png,Folders,python-pixel-original,,,,,,420400,,tools/art/office_slice_m4/generate_runtime_art.py,PROJECT-ORIGINAL,2026-08-10,1.0.0,594201617a54e65ed26f64a5331bfb787a8d43e53654a58c40d85aae063efdc9,approved,
folder.original.5,Assets/_Project/Art/OfficeSliceM4/Resources/OfficeSliceM4/Folders/folder_original_5.png,Folders,python-pixel-original,,,,,,420400,,tools/art/office_slice_m4/generate_runtime_art.py,PROJECT-ORIGINAL,2026-08-10,1.0.0,8820ca30a8eb644f5939395b75cc4f9ebbf2811d9e89930610e66c6eb2e0c887,approved,
folder.original.6,Assets/_Project/Art/OfficeSliceM4/Resources/OfficeSliceM4/Folders/folder_original_6.png,Folders,python-pixel-original,,,,,,420400,,tools/art/office_slice_m4/generate_runtime_art.py,PROJECT-ORIGINAL,2026-08-10,1.0.0,45598bd5f2b58d579f7a0af28e05bee72e2fad33083d5dcb600e293aed737766,approved,
guide.office.flat-colour,ArtLab/OfficeSliceM4/ApprovedSources/Guides/office_m4_flat_colour.png,Guide,blender-workbench-guide,ArtLab/OfficeSliceM4/Blender/office_slice_m4_master.blend,,,,,,,ArtLab/OfficeSliceM4/ApprovedSources/Guides/office_m4_flat_colour.png,PROJECT-ORIGINAL,2026-08-10,1.0.0,5e69f5bd02787fde652d248d1fccaf9d920ce1e47795b7df511702b56c4dfe40,approved,
target.shift1.opening,ArtLab/OfficeSliceM4/ApprovedSources/TargetFrames/shift1_opening_target.png,TargetFrame,python-pixel-original,,,,,,,,ArtLab/OfficeSliceM4/ApprovedSources/TargetFrames/shift1_opening_target.png,PROJECT-ORIGINAL,2026-08-10,1.0.0,aec710b3d5534f0f94d82cf2b33430e8836049f24d0261fb79943049059fd12f,approved,
